{"num_filters": 16, "learning_curve": [0.04409980773925781, 0.032299816608428955, 0.023499906063079834, 0.02109992504119873, 0.01799982786178589, 0.016399860382080078, 0.014599919319152832, 0.013899803161621094, 0.014099836349487305, 0.013299882411956787, 0.013199925422668457, 0.012199878692626953], "lr": 0.001, "test_error": 0.011999845504760742, "filter_size": 3, "batch_size": 128}