{"learning_curve": [0.1417999267578125, 0.10309994220733643, 0.08669990301132202, 0.08739984035491943, 0.07489985227584839, 0.07089990377426147, 0.07049989700317383, 0.07289987802505493, 0.07019990682601929, 0.06779986619949341, 0.06039988994598389, 0.06759989261627197], "lr": 0.001, "num_filters": 16, "filter_size": 1, "batch_size": 128, "test_error": 0.07149994373321533}