{"batch_size": 128, "test_error": 0.008699893951416016, "learning_curve": [0.03059983253479004, 0.01779991388320923, 0.016499817371368408, 0.014499902725219727, 0.014699876308441162, 0.013699889183044434, 0.012299895286560059, 0.013099849224090576, 0.01139986515045166, 0.012499809265136719, 0.010299861431121826, 0.010799884796142578], "num_filters": 16, "filter_size": 7, "lr": 0.001}