{"batch_size": 128, "learning_curve": [0.03329986333847046, 0.024499893188476562, 0.020899832248687744, 0.01669985055923462, 0.015299856662750244, 0.014799833297729492, 0.013899803161621094, 0.012799859046936035, 0.012299835681915283, 0.011999845504760742, 0.010599851608276367, 0.010699927806854248], "lr": 0.001, "filter_size": 5, "num_filters": 16, "test_error": 0.01119983196258545}