{"episode_rewards": [10.0, 8.0, 8.0, 9.0, 10.0, 8.0, 8.0, 10.0, 10.0, 11.0, 10.0, 10.0, 8.0, 10.0, 10.0], "mean": 9.333333333333334, "std": 1.0110500592068732}