{"episode_rewards": [8.0, 6.0, 7.0, 7.0, 8.0, 7.0, 7.0, 7.0, 6.0, 8.0, 7.0, 7.0, 8.0, 7.0, 7.0], "mean": 7.133333333333334, "std": 0.6182412330330469}