{"mean": 478.3333333333333, "std": 148.04083520734704, "episode_rewards": [564.0, 538.0, 412.0, 515.0, 475.0, 821.0, 355.0, 508.0, 479.0, 398.0, 266.0, 404.0, 279.0, 755.0, 406.0]}