{"episode_rewards": [11.0, 9.0, 9.0, 10.0, 10.0, 10.0, 10.0, 10.0, 9.0, 10.0, 9.0, 10.0, 10.0, 11.0, 8.0], "mean": 9.733333333333333, "std": 0.7717224601860151}