{"episode_rewards": [10.0, 9.0, 10.0, 10.0, 10.0, 10.0, 8.0, 10.0, 9.0, 9.0, 10.0, 8.0, 9.0, 10.0, 10.0], "mean": 9.466666666666667, "std": 0.7180219742846006}