{"episode_rewards": [8.0, 9.0, 10.0, 8.0, 11.0, 10.0, 8.0, 10.0, 10.0, 9.0, 9.0, 9.0, 10.0, 10.0, 8.0], "mean": 9.266666666666667, "std": 0.9285592184789413}