{"episode_rewards": [9.0, 10.0, 10.0, 8.0, 9.0, 9.0, 9.0, 9.0, 8.0, 8.0, 9.0, 10.0, 10.0, 9.0, 9.0], "mean": 9.066666666666666, "std": 0.679869268479038}