{"episode_rewards": [142.0, 51.0, 41.0, 39.0, 68.0, 53.0, 50.0, 31.0, 50.0, 33.0, 63.0, 91.0, 34.0, 36.0, 105.0], "mean": 59.13333333333333, "std": 30.24977502212023}