{"episode_rewards": [9.0, 10.0, 9.0, 10.0, 10.0, 10.0, 10.0, 9.0, 9.0, 9.0, 8.0, 9.0, 9.0, 9.0, 10.0], "mean": 9.333333333333334, "std": 0.5962847939999439}