{"std": 200.43315316805476, "mean": 531.1333333333333, "episode_rewards": [301.0, 594.0, 566.0, 503.0, 309.0, 281.0, 853.0, 587.0, 663.0, 662.0, 449.0, 471.0, 394.0, 1002.0, 332.0]}