{"episode_rewards": [10.0, 9.0, 9.0, 10.0, 10.0, 9.0, 10.0, 9.0, 8.0, 9.0, 10.0, 10.0, 8.0, 10.0, 9.0], "mean": 9.333333333333334, "std": 0.6992058987801011}