{"episode_rewards": [739.0491228070003, 820.7793103448059, 825.8882943143591, 835.2823529411534, 659.805405405391, 790.3589041095688, 553.3130434782498, 583.2216560509391, 736.0775244299472, 713.3686131386717], "mean": 725.7144227020086, "std": 94.90217464047488}
