{"batch_size": 128, "num_filters": 16, "test_error": 0.011699855327606201, "learning_curve": [0.04209989309310913, 0.028599858283996582, 0.022499918937683105, 0.019999802112579346, 0.018899857997894287, 0.017599880695343018, 0.017399907112121582, 0.015499889850616455, 0.014899849891662598, 0.014299869537353516, 0.013499855995178223, 0.0139998197555542], "lr": 0.001}