{"num_filters": 16, "test_error": 0.9019999951124191, "filter_size": 3, "learning_curve": [0.9009000062942505, 0.9009000062942505, 0.9009000062942505, 0.9008999988436699, 0.9009000062942505, 0.9008999988436699, 0.9009000062942505, 0.9009000062942505, 0.9009000062942505, 0.9009000062942505, 0.9009000062942505, 0.9008999988436699], "lr": 0.1, "batch_size": 128}