{"batch_size": 128, "learning_curve": [0.8970000147819519, 0.8969999998807907, 0.8970000147819519, 0.8970000147819519, 0.8970000147819519, 0.8969999998807907, 0.8969999998807907, 0.8970000147819519, 0.8969999998807907, 0.8970000147819519, 0.8970000147819519, 0.8970000147819519], "num_filters": 16, "test_error": 0.898999996483326, "filter_size": 3, "lr": 0.01}