{"learning_curve": [0.1523999571800232, 0.08499985933303833, 0.07079988718032837, 0.05899989604949951, 0.05469989776611328, 0.04769986867904663, 0.044699907302856445, 0.040799856185913086, 0.03999990224838257, 0.037899911403656006, 0.035999953746795654, 0.03269988298416138], "lr": 0.0001, "batch_size": 128, "filter_size": 3, "num_filters": 16, "test_error": 0.034499943256378174}