{"batch_size": 128, "num_filters": 16, "lr": 0.001, "learning_curve": [0.04609990119934082, 0.02539992332458496, 0.023199856281280518, 0.019299864768981934, 0.01599985361099243, 0.01529991626739502, 0.015499889850616455, 0.014399826526641846, 0.013699889183044434, 0.013099908828735352, 0.0139998197555542, 0.012099862098693848], "filter_size": 3, "test_error": 0.011699855327606201}
