{"episode_rewards": [9.0, 9.0, 9.0, 9.0, 10.0, 9.0, 10.0, 9.0, 10.0, 9.0, 9.0, 9.0, 9.0, 9.0, 10.0], "mean": 9.266666666666667, "std": 0.4422166387140533}