{"episode_rewards": [35.0, 54.0, 28.0, 45.0, 45.0, 27.0, 26.0, 49.0, 29.0, 41.0, 52.0, 29.0, 40.0, 47.0, 24.0], "mean": 38.06666666666667, "std": 9.98977254773879}