{"episode_rewards": [10.0, 9.0, 9.0, 9.0, 10.0, 10.0, 9.0, 9.0, 9.0, 10.0, 9.0, 10.0, 9.0, 10.0, 10.0], "mean": 9.466666666666667, "std": 0.498887651569859}