{"episode_rewards": [9.0, 9.0, 9.0, 10.0, 9.0, 10.0, 9.0, 9.0, 9.0, 8.0, 10.0, 11.0, 9.0, 8.0, 10.0], "mean": 9.266666666666667, "std": 0.7717224601860151}