{"episode_rewards": [9.0, 10.0, 10.0, 10.0, 10.0, 9.0, 9.0, 9.0, 10.0, 11.0, 9.0, 8.0, 10.0, 10.0, 9.0], "mean": 9.533333333333333, "std": 0.7180219742846006}