{"episode_rewards": [10.0, 10.0, 8.0, 10.0, 10.0, 9.0, 10.0, 9.0, 9.0, 10.0, 10.0, 9.0, 10.0, 10.0, 9.0], "mean": 9.533333333333333, "std": 0.618241233033047}